{
  "id" : 0,
  "name" : "Landscape",
  "description" : "The system landscape, imported from the Backstage demo at https://demo.backstage.io",
  "configuration" : {
    "scope" : "Landscape"
  },
  "model" : {
    "softwareSystems" : [ {
      "id" : "1",
      "tags" : "Element,Software System",
      "properties" : {
        "structurizr.dsl.identifier" : "podcast",
        "backstage.ref" : "system:default/podcast"
      },
      "perspectives" : [ {
        "name" : "Owner",
        "description" : "team-b"
      } ],
      "name" : "podcast",
      "description" : "Podcast playback",
      "group" : "Domain: playback",
      "location" : "Unspecified",
      "documentation" : { }
    }, {
      "id" : "2",
      "tags" : "Element,Software System",
      "properties" : {
        "structurizr.dsl.identifier" : "audioplayback",
        "backstage.ref" : "system:default/audio-playback"
      },
      "perspectives" : [ {
        "name" : "Owner",
        "description" : "team-c"
      } ],
      "name" : "audio-playback",
      "description" : "Audio playback system",
      "group" : "Domain: playback",
      "location" : "Unspecified",
      "documentation" : { }
    }, {
      "id" : "3",
      "tags" : "Element,Software System,portal",
      "properties" : {
        "structurizr.dsl.identifier" : "artistengagementportal",
        "backstage.ref" : "system:default/artist-engagement-portal"
      },
      "perspectives" : [ {
        "name" : "Owner",
        "description" : "team-a"
      } ],
      "name" : "artist-engagement-portal",
      "description" : "Everything related to artists",
      "group" : "Domain: artists",
      "location" : "Unspecified",
      "documentation" : { }
    } ]
  },
  "documentation" : { },
  "views" : {
    "configuration" : {
      "branding" : { },
      "styles" : { },
      "terminology" : { }
    }
  }
}